app,requested_times,finish_times,evicted_times,allocated_memory,best_model
app-2,112.298,212.298,,1300,1300
app-1,113.59200000000001,357.658,,1000,1500
app-2,288.651,435.674,,1300,1300
app-1,378.254,478.254,,1000,1500
app-2,456.138,556.1379999999999,,1300,1300
app-1,528.726,855.711,,1000,1500
app-2,611.719,711.719,,1300,1300
